[{"model": "admin.logentry", "pk": 1, "fields": {"action_time": "2024-04-25T09:46:03.192Z", "user": 1, "content_type": 15, "object_id": "1", "object_repr": "Магазин 1", "action_flag": 1, "change_message": "[{\"added\": {}}]"}}, {"model": "admin.logentry", "pk": 2, "fields": {"action_time": "2024-04-25T09:46:10.618Z", "user": 1, "content_type": 15, "object_id": "2", "object_repr": "Магазин 2", "action_flag": 1, "change_message": "[{\"added\": {}}]"}}, {"model": "admin.logentry", "pk": 3, "fields": {"action_time": "2024-04-25T09:46:20.370Z", "user": 1, "content_type": 12, "object_id": "1", "object_repr": "Германия", "action_flag": 1, "change_message": "[{\"added\": {}}]"}}, {"model": "admin.logentry", "pk": 4, "fields": {"action_time": "2024-04-25T09:46:28.034Z", "user": 1, "content_type": 13, "object_id": "1", "object_repr": "Bosch", "action_flag": 1, "change_message": "[{\"added\": {}}]"}}, {"model": "admin.logentry", "pk": 5, "fields": {"action_time": "2024-04-25T09:46:34.634Z", "user": 1, "content_type": 12, "object_id": "2", "object_repr": "США", "action_flag": 1, "change_message": "[{\"added\": {}}]"}}, {"model": "admin.logentry", "pk": 6, "fields": {"action_time": "2024-04-25T09:46:38.518Z", "user": 1, "content_type": 13, "object_id": "2", "object_repr": "Dewalt", "action_flag": 1, "change_message": "[{\"added\": {}}]"}}, {"model": "admin.logentry", "pk": 7, "fields": {"action_time": "2024-04-25T09:46:46.239Z", "user": 1, "content_type": 10, "object_id": "1", "object_repr": "Черный", "action_flag": 1, "change_message": "[{\"added\": {}}]"}}, {"model": "admin.logentry", "pk": 8, "fields": {"action_time": "2024-04-25T09:46:51.131Z", "user": 1, "content_type": 10, "object_id": "2", "object_repr": "Зеленый", "action_flag": 1, "change_message": "[{\"added\": {}}]"}}, {"model": "admin.logentry", "pk": 9, "fields": {"action_time": "2024-04-25T09:46:53.454Z", "user": 1, "content_type": 10, "object_id": "3", "object_repr": "Синий", "action_flag": 1, "change_message": "[{\"added\": {}}]"}}, {"model": "admin.logentry", "pk": 10, "fields": {"action_time": "2024-04-25T09:46:59.685Z", "user": 1, "content_type": 10, "object_id": "4", "object_repr": "Синие-зеленый", "action_flag": 1, "change_message": "[{\"added\": {}}]"}}, {"model": "admin.logentry", "pk": 11, "fields": {"action_time": "2024-04-25T09:47:04.864Z", "user": 1, "content_type": 10, "object_id": "5", "object_repr": "Черно-белый", "action_flag": 1, "change_message": "[{\"added\": {}}]"}}, {"model": "admin.logentry", "pk": 12, "fields": {"action_time": "2024-04-25T09:47:27.266Z", "user": 1, "content_type": 9, "object_id": "1", "object_repr": "Электроинструмент", "action_flag": 1, "change_message": "[{\"added\": {}}]"}}, {"model": "admin.logentry", "pk": 13, "fields": {"action_time": "2024-04-25T09:48:31.094Z", "user": 1, "content_type": 14, "object_id": "1", "object_repr": "Шуруповерт", "action_flag": 1, "change_message": "[{\"added\": {}}, {\"added\": {\"name\": \"shop product\", \"object\": \"ShopProduct object (1)\"}}, {\"added\": {\"name\": \"\\u0446\\u0432\\u0435\\u0442 \\u0442\\u043e\\u0432\\u0430\\u0440\\u0430\", \"object\": \"ColourProduct object (1)\"}}, {\"added\": {\"name\": \"\\u0446\\u0432\\u0435\\u0442 \\u0442\\u043e\\u0432\\u0430\\u0440\\u0430\", \"object\": \"ColourProduct object (2)\"}}]"}}, {"model": "admin.logentry", "pk": 14, "fields": {"action_time": "2024-04-25T09:50:41.531Z", "user": 1, "content_type": 14, "object_id": "1", "object_repr": "Шуруповерт", "action_flag": 2, "change_message": "[{\"added\": {\"name\": \"shop product\", \"object\": \"ShopProduct object (2)\"}}, {\"added\": {\"name\": \"shop product colour product\", \"object\": \"ShopProductColourProduct object (1)\"}}, {\"added\": {\"name\": \"shop product colour product\", \"object\": \"ShopProductColourProduct object (2)\"}}, {\"added\": {\"name\": \"shop product colour product\", \"object\": \"ShopProductColourProduct object (3)\"}}]"}}, {"model": "admin.logentry", "pk": 15, "fields": {"action_time": "2024-04-25T10:00:24.783Z", "user": 1, "content_type": 12, "object_id": "3", "object_repr": "Япония", "action_flag": 1, "change_message": "[{\"added\": {}}]"}}, {"model": "admin.logentry", "pk": 16, "fields": {"action_time": "2024-04-25T10:00:30.002Z", "user": 1, "content_type": 13, "object_id": "3", "object_repr": "Metabo", "action_flag": 1, "change_message": "[{\"added\": {}}]"}}, {"model": "admin.logentry", "pk": 17, "fields": {"action_time": "2024-04-25T10:00:51.732Z", "user": 1, "content_type": 14, "object_id": "2", "object_repr": "Дрель", "action_flag": 1, "change_message": "[{\"added\": {}}, {\"added\": {\"name\": \"shop product\", \"object\": \"ShopProduct object (3)\"}}, {\"added\": {\"name\": \"\\u0446\\u0432\\u0435\\u0442 \\u0442\\u043e\\u0432\\u0430\\u0440\\u0430\", \"object\": \"\\u0421\\u0438\\u043d\\u0438\\u0439\"}}, {\"added\": {\"name\": \"\\u0446\\u0432\\u0435\\u0442 \\u0442\\u043e\\u0432\\u0430\\u0440\\u0430\", \"object\": \"\\u0417\\u0435\\u043b\\u0435\\u043d\\u044b\\u0439\"}}]"}}, {"model": "admin.logentry", "pk": 18, "fields": {"action_time": "2024-04-25T10:01:13.942Z", "user": 1, "content_type": 14, "object_id": "2", "object_repr": "Дрель", "action_flag": 2, "change_message": "[{\"added\": {\"name\": \"shop product\", \"object\": \"ShopProduct object (4)\"}}, {\"added\": {\"name\": \"shop product colour product\", \"object\": \"ShopProductColourProduct object (4)\"}}, {\"added\": {\"name\": \"shop product colour product\", \"object\": \"ShopProductColourProduct object (5)\"}}]"}}, {"model": "admin.logentry", "pk": 19, "fields": {"action_time": "2024-04-25T10:01:49.468Z", "user": 1, "content_type": 9, "object_id": "2", "object_repr": "Ручной инструмент", "action_flag": 1, "change_message": "[{\"added\": {}}]"}}, {"model": "admin.logentry", "pk": 20, "fields": {"action_time": "2024-04-25T10:03:02.541Z", "user": 1, "content_type": 12, "object_id": "4", "object_repr": "Россия", "action_flag": 1, "change_message": "[{\"added\": {}}]"}}, {"model": "admin.logentry", "pk": 21, "fields": {"action_time": "2024-04-25T10:03:08.789Z", "user": 1, "content_type": 13, "object_id": "4", "object_repr": "Inforce", "action_flag": 1, "change_message": "[{\"added\": {}}]"}}, {"model": "admin.logentry", "pk": 22, "fields": {"action_time": "2024-04-25T10:03:21.953Z", "user": 1, "content_type": 14, "object_id": "3", "object_repr": "Молоток", "action_flag": 1, "change_message": "[{\"added\": {}}, {\"added\": {\"name\": \"shop product\", \"object\": \"ShopProduct object (5)\"}}, {\"added\": {\"name\": \"shop product colour product\", \"object\": \"ShopProductColourProduct object (6)\"}}]"}}, {"model": "admin.logentry", "pk": 23, "fields": {"action_time": "2024-04-25T15:21:24.735Z", "user": 1, "content_type": 14, "object_id": "1", "object_repr": "Шуруповерт", "action_flag": 2, "change_message": "[{\"changed\": {\"fields\": [\"\\u0418\\u0437\\u043e\\u0431\\u0440\\u0430\\u0436\\u0435\\u043d\\u0438\\u0435\"]}}]"}}, {"model": "admin.logentry", "pk": 24, "fields": {"action_time": "2024-04-25T15:21:52.104Z", "user": 1, "content_type": 14, "object_id": "2", "object_repr": "Дрель", "action_flag": 2, "change_message": "[{\"changed\": {\"fields\": [\"\\u0418\\u0437\\u043e\\u0431\\u0440\\u0430\\u0436\\u0435\\u043d\\u0438\\u0435\"]}}]"}}, {"model": "admin.logentry", "pk": 25, "fields": {"action_time": "2024-04-25T15:22:08.866Z", "user": 1, "content_type": 14, "object_id": "3", "object_repr": "Молоток", "action_flag": 2, "change_message": "[{\"changed\": {\"fields\": [\"\\u0418\\u0437\\u043e\\u0431\\u0440\\u0430\\u0436\\u0435\\u043d\\u0438\\u0435\"]}}]"}}, {"model": "admin.logentry", "pk": 26, "fields": {"action_time": "2024-05-09T11:10:59.137Z", "user": 1, "content_type": 14, "object_id": "1", "object_repr": "Шуруповерт", "action_flag": 2, "change_message": "[]"}}, {"model": "admin.logentry", "pk": 27, "fields": {"action_time": "2024-05-09T11:11:12.076Z", "user": 1, "content_type": 14, "object_id": "2", "object_repr": "Дрель", "action_flag": 2, "change_message": "[]"}}, {"model": "admin.logentry", "pk": 28, "fields": {"action_time": "2024-05-09T11:11:14.758Z", "user": 1, "content_type": 14, "object_id": "3", "object_repr": "Молоток", "action_flag": 2, "change_message": "[]"}}, {"model": "admin.logentry", "pk": 29, "fields": {"action_time": "2024-05-09T13:25:24.022Z", "user": 1, "content_type": 14, "object_id": "2", "object_repr": "Дрель", "action_flag": 2, "change_message": "[{\"changed\": {\"name\": \"shop product\", \"object\": \"ShopProduct object (4)\", \"fields\": [\"\\u041c\\u0430\\u0433\\u0430\\u0437\\u0438\\u043d\"]}}]"}}, {"model": "admin.logentry", "pk": 30, "fields": {"action_time": "2024-05-09T13:25:50.516Z", "user": 1, "content_type": 14, "object_id": "2", "object_repr": "Дрель", "action_flag": 2, "change_message": "[{\"deleted\": {\"name\": \"shop product\", \"object\": \"ShopProduct object (None)\"}}, {\"deleted\": {\"name\": \"shop product colour product\", \"object\": \"ShopProductColourProduct object (None)\"}}]"}}, {"model": "auth.permission", "pk": 1, "fields": {"name": "Can add log entry", "content_type": 1, "codename": "add_logentry"}}, {"model": "auth.permission", "pk": 2, "fields": {"name": "Can change log entry", "content_type": 1, "codename": "change_logentry"}}, {"model": "auth.permission", "pk": 3, "fields": {"name": "Can delete log entry", "content_type": 1, "codename": "delete_logentry"}}, {"model": "auth.permission", "pk": 4, "fields": {"name": "Can view log entry", "content_type": 1, "codename": "view_logentry"}}, {"model": "auth.permission", "pk": 5, "fields": {"name": "Can add permission", "content_type": 2, "codename": "add_permission"}}, {"model": "auth.permission", "pk": 6, "fields": {"name": "Can change permission", "content_type": 2, "codename": "change_permission"}}, {"model": "auth.permission", "pk": 7, "fields": {"name": "Can delete permission", "content_type": 2, "codename": "delete_permission"}}, {"model": "auth.permission", "pk": 8, "fields": {"name": "Can view permission", "content_type": 2, "codename": "view_permission"}}, {"model": "auth.permission", "pk": 9, "fields": {"name": "Can add group", "content_type": 3, "codename": "add_group"}}, {"model": "auth.permission", "pk": 10, "fields": {"name": "Can change group", "content_type": 3, "codename": "change_group"}}, {"model": "auth.permission", "pk": 11, "fields": {"name": "Can delete group", "content_type": 3, "codename": "delete_group"}}, {"model": "auth.permission", "pk": 12, "fields": {"name": "Can view group", "content_type": 3, "codename": "view_group"}}, {"model": "auth.permission", "pk": 13, "fields": {"name": "Can add content type", "content_type": 4, "codename": "add_contenttype"}}, {"model": "auth.permission", "pk": 14, "fields": {"name": "Can change content type", "content_type": 4, "codename": "change_contenttype"}}, {"model": "auth.permission", "pk": 15, "fields": {"name": "Can delete content type", "content_type": 4, "codename": "delete_contenttype"}}, {"model": "auth.permission", "pk": 16, "fields": {"name": "Can view content type", "content_type": 4, "codename": "view_contenttype"}}, {"model": "auth.permission", "pk": 17, "fields": {"name": "Can add session", "content_type": 5, "codename": "add_session"}}, {"model": "auth.permission", "pk": 18, "fields": {"name": "Can change session", "content_type": 5, "codename": "change_session"}}, {"model": "auth.permission", "pk": 19, "fields": {"name": "Can delete session", "content_type": 5, "codename": "delete_session"}}, {"model": "auth.permission", "pk": 20, "fields": {"name": "Can view session", "content_type": 5, "codename": "view_session"}}, {"model": "auth.permission", "pk": 21, "fields": {"name": "Can add Token", "content_type": 6, "codename": "add_token"}}, {"model": "auth.permission", "pk": 22, "fields": {"name": "Can change Token", "content_type": 6, "codename": "change_token"}}, {"model": "auth.permission", "pk": 23, "fields": {"name": "Can delete Token", "content_type": 6, "codename": "delete_token"}}, {"model": "auth.permission", "pk": 24, "fields": {"name": "Can view Token", "content_type": 6, "codename": "view_token"}}, {"model": "auth.permission", "pk": 25, "fields": {"name": "Can add token", "content_type": 7, "codename": "add_tokenproxy"}}, {"model": "auth.permission", "pk": 26, "fields": {"name": "Can change token", "content_type": 7, "codename": "change_tokenproxy"}}, {"model": "auth.permission", "pk": 27, "fields": {"name": "Can delete token", "content_type": 7, "codename": "delete_tokenproxy"}}, {"model": "auth.permission", "pk": 28, "fields": {"name": "Can view token", "content_type": 7, "codename": "view_tokenproxy"}}, {"model": "auth.permission", "pk": 29, "fields": {"name": "Can add user", "content_type": 8, "codename": "add_myuser"}}, {"model": "auth.permission", "pk": 30, "fields": {"name": "Can change user", "content_type": 8, "codename": "change_myuser"}}, {"model": "auth.permission", "pk": 31, "fields": {"name": "Can delete user", "content_type": 8, "codename": "delete_myuser"}}, {"model": "auth.permission", "pk": 32, "fields": {"name": "Can view user", "content_type": 8, "codename": "view_myuser"}}, {"model": "auth.permission", "pk": 33, "fields": {"name": "Can add категория", "content_type": 9, "codename": "add_category"}}, {"model": "auth.permission", "pk": 34, "fields": {"name": "Can change категория", "content_type": 9, "codename": "change_category"}}, {"model": "auth.permission", "pk": 35, "fields": {"name": "Can delete категория", "content_type": 9, "codename": "delete_category"}}, {"model": "auth.permission", "pk": 36, "fields": {"name": "Can view категория", "content_type": 9, "codename": "view_category"}}, {"model": "auth.permission", "pk": 37, "fields": {"name": "Can add цвет", "content_type": 10, "codename": "add_colour"}}, {"model": "auth.permission", "pk": 38, "fields": {"name": "Can change цвет", "content_type": 10, "codename": "change_colour"}}, {"model": "auth.permission", "pk": 39, "fields": {"name": "Can delete цвет", "content_type": 10, "codename": "delete_colour"}}, {"model": "auth.permission", "pk": 40, "fields": {"name": "Can view цвет", "content_type": 10, "codename": "view_colour"}}, {"model": "auth.permission", "pk": 41, "fields": {"name": "Can add цвет товара", "content_type": 11, "codename": "add_colourproduct"}}, {"model": "auth.permission", "pk": 42, "fields": {"name": "Can change цвет товара", "content_type": 11, "codename": "change_colourproduct"}}, {"model": "auth.permission", "pk": 43, "fields": {"name": "Can delete цвет товара", "content_type": 11, "codename": "delete_colourproduct"}}, {"model": "auth.permission", "pk": 44, "fields": {"name": "Can view цвет товара", "content_type": 11, "codename": "view_colourproduct"}}, {"model": "auth.permission", "pk": 45, "fields": {"name": "Can add страна", "content_type": 12, "codename": "add_country"}}, {"model": "auth.permission", "pk": 46, "fields": {"name": "Can change страна", "content_type": 12, "codename": "change_country"}}, {"model": "auth.permission", "pk": 47, "fields": {"name": "Can delete страна", "content_type": 12, "codename": "delete_country"}}, {"model": "auth.permission", "pk": 48, "fields": {"name": "Can view страна", "content_type": 12, "codename": "view_country"}}, {"model": "auth.permission", "pk": 49, "fields": {"name": "Can add производитель", "content_type": 13, "codename": "add_manufacturer"}}, {"model": "auth.permission", "pk": 50, "fields": {"name": "Can change производитель", "content_type": 13, "codename": "change_manufacturer"}}, {"model": "auth.permission", "pk": 51, "fields": {"name": "Can delete производитель", "content_type": 13, "codename": "delete_manufacturer"}}, {"model": "auth.permission", "pk": 52, "fields": {"name": "Can view производитель", "content_type": 13, "codename": "view_manufacturer"}}, {"model": "auth.permission", "pk": 53, "fields": {"name": "Can add товар", "content_type": 14, "codename": "add_product"}}, {"model": "auth.permission", "pk": 54, "fields": {"name": "Can change товар", "content_type": 14, "codename": "change_product"}}, {"model": "auth.permission", "pk": 55, "fields": {"name": "Can delete товар", "content_type": 14, "codename": "delete_product"}}, {"model": "auth.permission", "pk": 56, "fields": {"name": "Can view товар", "content_type": 14, "codename": "view_product"}}, {"model": "auth.permission", "pk": 57, "fields": {"name": "Can add магазин", "content_type": 15, "codename": "add_shop"}}, {"model": "auth.permission", "pk": 58, "fields": {"name": "Can change магазин", "content_type": 15, "codename": "change_shop"}}, {"model": "auth.permission", "pk": 59, "fields": {"name": "Can delete магазин", "content_type": 15, "codename": "delete_shop"}}, {"model": "auth.permission", "pk": 60, "fields": {"name": "Can view магазин", "content_type": 15, "codename": "view_shop"}}, {"model": "auth.permission", "pk": 61, "fields": {"name": "Can add shop product", "content_type": 16, "codename": "add_shopproduct"}}, {"model": "auth.permission", "pk": 62, "fields": {"name": "Can change shop product", "content_type": 16, "codename": "change_shopproduct"}}, {"model": "auth.permission", "pk": 63, "fields": {"name": "Can delete shop product", "content_type": 16, "codename": "delete_shopproduct"}}, {"model": "auth.permission", "pk": 64, "fields": {"name": "Can view shop product", "content_type": 16, "codename": "view_shopproduct"}}, {"model": "auth.permission", "pk": 65, "fields": {"name": "Can add shop product colour product", "content_type": 17, "codename": "add_shopproductcolourproduct"}}, {"model": "auth.permission", "pk": 66, "fields": {"name": "Can change shop product colour product", "content_type": 17, "codename": "change_shopproductcolourproduct"}}, {"model": "auth.permission", "pk": 67, "fields": {"name": "Can delete shop product colour product", "content_type": 17, "codename": "delete_shopproductcolourproduct"}}, {"model": "auth.permission", "pk": 68, "fields": {"name": "Can view shop product colour product", "content_type": 17, "codename": "view_shopproductcolourproduct"}}, {"model": "auth.permission", "pk": 69, "fields": {"name": "Can add серийный номер", "content_type": 18, "codename": "add_serialnumber"}}, {"model": "auth.permission", "pk": 70, "fields": {"name": "Can change серийный номер", "content_type": 18, "codename": "change_serialnumber"}}, {"model": "auth.permission", "pk": 71, "fields": {"name": "Can delete серийный номер", "content_type": 18, "codename": "delete_serialnumber"}}, {"model": "auth.permission", "pk": 72, "fields": {"name": "Can view серийный номер", "content_type": 18, "codename": "view_serialnumber"}}, {"model": "auth.permission", "pk": 73, "fields": {"name": "Can add отзыв", "content_type": 19, "codename": "add_review"}}, {"model": "auth.permission", "pk": 74, "fields": {"name": "Can change отзыв", "content_type": 19, "codename": "change_review"}}, {"model": "auth.permission", "pk": 75, "fields": {"name": "Can delete отзыв", "content_type": 19, "codename": "delete_review"}}, {"model": "auth.permission", "pk": 76, "fields": {"name": "Can view отзыв", "content_type": 19, "codename": "view_review"}}, {"model": "auth.permission", "pk": 77, "fields": {"name": "Can add email code", "content_type": 20, "codename": "add_emailcode"}}, {"model": "auth.permission", "pk": 78, "fields": {"name": "Can change email code", "content_type": 20, "codename": "change_emailcode"}}, {"model": "auth.permission", "pk": 79, "fields": {"name": "Can delete email code", "content_type": 20, "codename": "delete_emailcode"}}, {"model": "auth.permission", "pk": 80, "fields": {"name": "Can view email code", "content_type": 20, "codename": "view_emailcode"}}, {"model": "contenttypes.contenttype", "pk": 1, "fields": {"app_label": "admin", "model": "logentry"}}, {"model": "contenttypes.contenttype", "pk": 2, "fields": {"app_label": "auth", "model": "permission"}}, {"model": "contenttypes.contenttype", "pk": 3, "fields": {"app_label": "auth", "model": "group"}}, {"model": "contenttypes.contenttype", "pk": 4, "fields": {"app_label": "contenttypes", "model": "contenttype"}}, {"model": "contenttypes.contenttype", "pk": 5, "fields": {"app_label": "sessions", "model": "session"}}, {"model": "contenttypes.contenttype", "pk": 6, "fields": {"app_label": "authtoken", "model": "token"}}, {"model": "contenttypes.contenttype", "pk": 7, "fields": {"app_label": "authtoken", "model": "tokenproxy"}}, {"model": "contenttypes.contenttype", "pk": 8, "fields": {"app_label": "users", "model": "myuser"}}, {"model": "contenttypes.contenttype", "pk": 9, "fields": {"app_label": "main", "model": "category"}}, {"model": "contenttypes.contenttype", "pk": 10, "fields": {"app_label": "main", "model": "colour"}}, {"model": "contenttypes.contenttype", "pk": 11, "fields": {"app_label": "main", "model": "colourproduct"}}, {"model": "contenttypes.contenttype", "pk": 12, "fields": {"app_label": "main", "model": "country"}}, {"model": "contenttypes.contenttype", "pk": 13, "fields": {"app_label": "main", "model": "manufacturer"}}, {"model": "contenttypes.contenttype", "pk": 14, "fields": {"app_label": "main", "model": "product"}}, {"model": "contenttypes.contenttype", "pk": 15, "fields": {"app_label": "main", "model": "shop"}}, {"model": "contenttypes.contenttype", "pk": 16, "fields": {"app_label": "main", "model": "shopproduct"}}, {"model": "contenttypes.contenttype", "pk": 17, "fields": {"app_label": "main", "model": "shopproductcolourproduct"}}, {"model": "contenttypes.contenttype", "pk": 18, "fields": {"app_label": "main", "model": "serialnumber"}}, {"model": "contenttypes.contenttype", "pk": 19, "fields": {"app_label": "main", "model": "review"}}, {"model": "contenttypes.contenttype", "pk": 20, "fields": {"app_label": "api", "model": "emailcode"}}, {"model": "sessions.session", "pk": "aoctw2cmcywzld3pprj0ppok6cavo7k2", "fields": {"session_data": ".eJxVjMsOwiAQRf-FtSHIYygu3fsNhGEGqRqalHZl_HdD0oVu7znnvkVM-1bj3nmNM4mLOIvT74YpP7kNQI_U7ovMS9vWGeVQ5EG7vC3Er-vh_h3U1OuoS9bJ6MC-cPEOMJfsPIBjlZ0tYAwkYsPaTIAqIHEJhGxJWZgUo_h8AQ9WOQQ:1rzvfo:7vtre1f5Hiowy1i94F2GUqpwvBrn4YPGJfiieI2phZQ", "expire_date": "2024-05-09T09:45:48.767Z"}}, {"model": "sessions.session", "pk": "cuhop0kcc4qynslivkgu1xfdfkx6c3ym", "fields": {"session_data": "eyJjb25maXJtYXRpb25fY29kZSI6IkJTUE5EIiwidXNlcl9lbWFpbCI6Imt1enVlbm5ubHFuZkBidWdmb28uY29tIn0:1s5MIy:sLdmTgKwQRdvDjwp71GG6CIVpqjJoUql4cSC0QNedwE", "expire_date": "2024-05-24T09:12:40.991Z"}}, {"model": "authtoken.token", "pk": "689d3ceb2c9a63653b18e49e593258d9d02fafbf", "fields": {"user": 1, "created": "2024-05-07T16:09:29.870Z"}}, {"model": "users.myuser", "pk": 1, "fields": {"password": "pbkdf2_sha256$260000$EWnAHNNP9s3MBW6TqIc1IX$Zx44aSqBkgUcav3FM+iYyZ1KVK7XdqNhwtm1sMnWsa4=", "last_login": "2024-05-09T07:56:00.353Z", "is_superuser": true, "username": "root", "first_name": "", "last_name": "", "email": "", "is_staff": true, "is_active": true, "date_joined": "2024-04-25T09:45:35.209Z", "adress": "", "groups": [], "user_permissions": []}}, {"model": "users.myuser", "pk": 2, "fields": {"password": "pbkdf2_sha256$260000$Izx6iMEXMZnoqd22cEPYbL$uy+q/6311hMRt/NPmbIUKz/p/OXm/iKK7I27bycgWPg=", "last_login": null, "is_superuser": false, "username": "root2", "first_name": "", "last_name": "", "email": "", "is_staff": false, "is_active": true, "date_joined": "2024-05-07T16:35:45.297Z", "adress": "", "groups": [], "user_permissions": []}}, {"model": "users.myuser", "pk": 3, "fields": {"password": "pbkdf2_sha256$260000$keCm7PvQDsyclFj78eh2E6$rjJ6uQt/OPq2bwCPH2D9RT5w4Yf1IwCrAy+kkpVKaYU=", "last_login": null, "is_superuser": false, "username": "root3", "first_name": "", "last_name": "", "email": "", "is_staff": false, "is_active": true, "date_joined": "2024-05-07T17:50:38.234Z", "adress": "", "groups": [], "user_permissions": []}}, {"model": "users.myuser", "pk": 4, "fields": {"password": "pbkdf2_sha256$260000$ZL6FwHXYg6lnyFFF7zBLMR$wxKy5cGn3rpeCCYy4uLgtuLDYfz86pGwHwwvx9RHmgw=", "last_login": "2024-05-08T10:31:45.806Z", "is_superuser": false, "username": "User1", "first_name": "", "last_name": "", "email": "23498123740@mail.ru", "is_staff": false, "is_active": true, "date_joined": "2024-05-08T10:31:38.723Z", "adress": "", "groups": [], "user_permissions": []}}, {"model": "users.myuser", "pk": 5, "fields": {"password": "pbkdf2_sha256$260000$2bMyTzPtnLcnxhlaK5gvGY$brD8yHuAmDgxKb7Ep9D9KjDHcBtDXtigaTHc+iRiZJw=", "last_login": "2024-05-08T15:17:53.903Z", "is_superuser": false, "username": "User", "first_name": "", "last_name": "", "email": "2134234@mail.ru", "is_staff": false, "is_active": true, "date_joined": "2024-05-08T15:14:01.851Z", "adress": "", "groups": [], "user_permissions": []}}, {"model": "users.myuser", "pk": 6, "fields": {"password": "pbkdf2_sha256$260000$BTf1Sva9ifohaJNcXviZ8h$L3i2hnNOSMVsnmQJLxVybtu4FhyqL4N0rRuwy9nr5u0=", "last_login": null, "is_superuser": false, "username": "User23", "first_name": "", "last_name": "", "email": "123@mail.ru", "is_staff": false, "is_active": true, "date_joined": "2024-05-08T15:15:29.757Z", "adress": "", "groups": [], "user_permissions": []}}, {"model": "users.myuser", "pk": 7, "fields": {"password": "pbkdf2_sha256$260000$OfYHb6govCtSJHZz1hbfYi$2SBCNjff3e55VXTuxZs3t7IAA4NBG3HPtxzG3UZtP38=", "last_login": "2024-05-08T17:49:45.529Z", "is_superuser": false, "username": "User4", "first_name": "", "last_name": "", "email": "belyaev-m-o@yandex.ru", "is_staff": false, "is_active": true, "date_joined": "2024-05-08T17:49:39.205Z", "adress": "", "groups": [], "user_permissions": []}}, {"model": "main.shop", "pk": 1, "fields": {"name": "Магазин 1", "adress": "Москва"}}, {"model": "main.shop", "pk": 2, "fields": {"name": "Магазин 2", "adress": "Санкт-Петербург"}}, {"model": "main.category", "pk": 1, "fields": {"name": "Электроинструмент", "description": "Электроинструмент", "slug": "electroinstument", "is_active": true}}, {"model": "main.category", "pk": 2, "fields": {"name": "Ручной инструмент", "description": "Ручной инструмент", "slug": "ruchnoy-instrument", "is_active": true}}, {"model": "main.colour", "pk": 1, "fields": {"name": "Черный"}}, {"model": "main.colour", "pk": 2, "fields": {"name": "Зеленый"}}, {"model": "main.colour", "pk": 3, "fields": {"name": "Синий"}}, {"model": "main.colour", "pk": 4, "fields": {"name": "Синие-зеленый"}}, {"model": "main.colour", "pk": 5, "fields": {"name": "Черно-белый"}}, {"model": "main.country", "pk": 1, "fields": {"name": "Германия"}}, {"model": "main.country", "pk": 2, "fields": {"name": "США"}}, {"model": "main.country", "pk": 3, "fields": {"name": "Япония"}}, {"model": "main.country", "pk": 4, "fields": {"name": "Россия"}}, {"model": "main.manufacturer", "pk": 1, "fields": {"name": "Bosch", "country": 1, "slug": "bosch", "is_active": true}}, {"model": "main.manufacturer", "pk": 2, "fields": {"name": "Dewalt", "country": 2, "slug": "dewalt", "is_active": true}}, {"model": "main.manufacturer", "pk": 3, "fields": {"name": "Metabo", "country": 3, "slug": "metabo", "is_active": true}}, {"model": "main.manufacturer", "pk": 4, "fields": {"name": "Inforce", "country": 4, "slug": "inforce", "is_active": true}}, {"model": "main.product", "pk": 1, "fields": {"name": "Шуруповерт", "description": "Шуруповерт", "price": "10000.00", "sale": 10, "actual_price": "9000.00", "is_active": true, "image": "product_images/аккумуляторная-дрель-шуруповерт-skytools-sk7005.jpg", "category": 1, "manufacturer": 1}}, {"model": "main.product", "pk": 2, "fields": {"name": "Дрель", "description": "Дрель", "price": "19283.00", "sale": 7, "actual_price": "17933.19", "is_active": true, "image": "product_images/JKACufcq.jpg", "category": 1, "manufacturer": 3}}, {"model": "main.product", "pk": 3, "fields": {"name": "Молоток", "description": "Молоток 1 кг", "price": "500.00", "sale": null, "actual_price": "500.00", "is_active": true, "image": "product_images/molotok-04kg-s-derevyannoj-ruchkoj-niz-25003015-1000x1000.jpg", "category": 2, "manufacturer": 4}}, {"model": "main.review", "pk": 1, "fields": {"text": "Отзыв", "photo": "", "created_at": "2024-04-25T12:49:47.309Z", "rating": 3, "product": 1, "author": 1}}, {"model": "main.review", "pk": 2, "fields": {"text": "Отзыв", "photo": "", "created_at": "2024-04-25T12:49:53.703Z", "rating": 3, "product": 1, "author": 1}}, {"model": "main.review", "pk": 8, "fields": {"text": "Отзыв new", "photo": "", "created_at": "2024-04-25T14:43:35.193Z", "rating": 5, "product": 1, "author": 1}}, {"model": "main.review", "pk": 9, "fields": {"text": "ОТзыв 3", "photo": "", "created_at": "2024-04-25T15:05:35.430Z", "rating": 5, "product": 1, "author": 1}}, {"model": "main.review", "pk": 10, "fields": {"text": "Отзыв 4", "photo": "", "created_at": "2024-04-25T15:05:46.685Z", "rating": 1, "product": 1, "author": 1}}, {"model": "main.review", "pk": 11, "fields": {"text": "Отзыв 5", "photo": "", "created_at": "2024-04-25T15:09:47.739Z", "rating": 3, "product": 1, "author": 1}}, {"model": "main.review", "pk": 12, "fields": {"text": "ОТзыв 6", "photo": "photo/cat.jpg", "created_at": "2024-04-25T15:16:58.216Z", "rating": 5, "product": 1, "author": 1}}, {"model": "main.review", "pk": 13, "fields": {"text": "Отзыв 7", "photo": "photo/Screenshot_2024-04-21_at_19.19.58.png", "created_at": "2024-04-25T15:18:40.230Z", "rating": 3, "product": 1, "author": 1}}, {"model": "main.review", "pk": 14, "fields": {"text": "Отзыв 8", "photo": "", "created_at": "2024-04-25T15:35:56.285Z", "rating": 5, "product": 1, "author": 1}}, {"model": "main.review", "pk": 15, "fields": {"text": "Отзыв 9, а стал 10, а стал 11", "photo": "", "created_at": "2024-04-25T15:36:33.527Z", "rating": 5, "product": 1, "author": 1}}, {"model": "main.review", "pk": 16, "fields": {"text": "ОТзыв", "photo": "", "created_at": "2024-04-26T16:06:53.594Z", "rating": 5, "product": 2, "author": 1}}, {"model": "main.review", "pk": 17, "fields": {"text": "Отличный молоток!", "photo": "", "created_at": "2024-05-07T17:54:43.297Z", "rating": 1, "product": 3, "author": 1}}, {"model": "main.review", "pk": 18, "fields": {"text": "jfbadjk", "photo": "", "created_at": "2024-05-08T15:18:03.699Z", "rating": 2, "product": 2, "author": 5}}, {"model": "main.review", "pk": 19, "fields": {"text": "Vjq jnpsd 4", "photo": "", "created_at": "2024-05-08T16:14:48.927Z", "rating": 5, "product": 1, "author": 5}}, {"model": "main.shopproduct", "pk": 1, "fields": {"shop": 1, "product": 1}}, {"model": "main.shopproduct", "pk": 2, "fields": {"shop": 2, "product": 1}}, {"model": "main.shopproduct", "pk": 4, "fields": {"shop": 1, "product": 2}}, {"model": "main.shopproduct", "pk": 5, "fields": {"shop": 2, "product": 3}}, {"model": "main.colourproduct", "pk": 1, "fields": {"colour": 1, "product": 1}}, {"model": "main.colourproduct", "pk": 2, "fields": {"colour": 4, "product": 1}}, {"model": "main.colourproduct", "pk": 3, "fields": {"colour": 3, "product": 2}}, {"model": "main.colourproduct", "pk": 4, "fields": {"colour": 2, "product": 2}}, {"model": "main.shopproductcolourproduct", "pk": 1, "fields": {"shopproduct": 1, "colourproduct": 1, "quantity": 10}}, {"model": "main.shopproductcolourproduct", "pk": 2, "fields": {"shopproduct": 1, "colourproduct": 2, "quantity": 2}}, {"model": "main.shopproductcolourproduct", "pk": 3, "fields": {"shopproduct": 2, "colourproduct": 2, "quantity": 3}}, {"model": "main.shopproductcolourproduct", "pk": 5, "fields": {"shopproduct": 4, "colourproduct": 4, "quantity": 3}}, {"model": "main.shopproductcolourproduct", "pk": 6, "fields": {"shopproduct": 5, "colourproduct": 1, "quantity": 14}}, {"model": "api.emailcode", "pk": 1, "fields": {"email": "kuzuennnlqnf@bugfoo.com", "code": "XM8D2"}}]